Voltage (V),Current (A),Power (W)
239.94,4.67,1121.57
223.61,1.66,370.99
227.12,0.97,219.24
226.33,0.08,17.55
222.1,0.53,118.04
227.29,0.37,85.05
228.02,0.48,108.89
237.16,1.0,236.87
227.35,4.26,969.47
228.15,1.5,341.96
228.7,0.59,135.92
230.52,3.44,794.06
235.57,3.99,938.92
230.68,1.55,356.87
237.11,1.1,260.86
230.6,0.21,49.05
227.79,2.21,504.4
233.75,1.78,416.67
235.11,4.38,1030.6
227.62,4.13,940.74
227.79,4.71,1073.24
224.91,4.86,1093.08
224.19,0.3,67.16
223.57,4.0,894.82
229.29,0.41,93.86
224.83,2.55,572.76
226.54,0.65,148.1
224.9,4.45,1000.29
228.7,0.01,3.3
223.68,0.5,112.22
223.98,0.02,5.41
228.06,0.18,40.95
233.98,2.09,490.14
237.39,0.58,137.0
232.61,1.56,361.85
226.64,2.56,580.59
221.35,3.29,727.48
224.71,1.42,318.32
224.45,0.09,20.95
223.9,4.82,1078.18
236.49,0.94,221.98
226.21,2.7,610.26
232.11,2.16,502.39
224.92,3.31,744.98
223.86,4.24,949.83
231.87,1.32,306.78
226.51,3.73,845.02
223.91,3.29,736.82
232.83,4.0,932.32
228.56,3.58,817.43
232.81,1.86,433.67
226.33,4.57,1033.44
232.49,1.81,420.49
234.37,3.83,898.52
237.75,2.05,487.21
228.89,2.27,519.8
234.93,4.88,1147.48
236.9,1.59,376.37
230.53,3.11,716.55
230.97,1.46,337.64
235.77,3.86,909.78
234.49,3.5,820.12
231.86,0.55,127.56
232.17,2.65,614.83
223.02,0.99,220.32
233.33,2.81,656.61
231.47,4.52,1045.82
237.63,4.82,1144.42
230.52,0.12,28.01
236.42,3.19,753.81
227.51,3.27,744.52
221.61,0.9,199.4
224.78,4.71,1057.93
222.34,2.44,541.42
226.13,4.01,906.33
232.5,4.63,1076.34
225.9,1.24,280.8
228.66,0.06,12.63
231.16,0.32,74.42
226.73,4.23,959.01
223.0,2.73,609.4
220.03,0.37,81.98
229.34,1.74,397.93
220.34,1.61,355.47
233.68,4.2,980.53
234.18,0.08,19.07
225.92,0.72,163.57
220.74,1.86,409.69
225.96,2.19,494.7
221.28,1.4,310.5
233.02,2.57,599.16
222.37,2.53,562.76
234.44,1.97,461.12
238.41,2.22,528.79
225.59,0.31,69.73
234.45,0.99,232.98
232.95,0.18,43.08
231.51,1.81,418.03
239.84,4.45,1068.48
225.38,3.22,726.4
234.14,3.25,760.56
223.25,1.36,302.87
221.71,1.74,385.1
226.32,2.34,530.0
221.33,3.18,703.1
231.98,1.58,366.26
224.57,1.73,387.75
237.63,3.89,924.64
225.11,4.06,913.84
236.93,2.93,695.06
221.16,2.67,591.05
223.03,0.29,64.75
235.54,0.89,208.5
222.08,1.86,413.75
220.2,3.26,717.77
236.59,3.51,829.88
232.34,4.87,1131.18
230.1,2.54,584.73
222.17,4.5,999.25
226.18,4.25,961.08
226.06,2.47,557.63
226.76,1.97,447.3
223.19,0.34,76.95
228.71,1.23,282.26
226.8,3.28,743.93
238.13,2.6,619.96
238.88,2.19,522.5
221.46,2.94,651.24
225.55,1.64,370.31
235.13,3.7,870.83
231.01,2.77,639.06
232.98,0.16,37.29
232.93,3.83,892.68
238.94,1.35,321.86
232.54,0.05,11.11
229.36,2.39,549.03
235.03,0.15,34.14
226.0,3.92,885.93
238.76,0.64,151.68
228.05,0.49,112.39
225.69,2.46,554.95
237.94,1.96,465.24
223.76,3.9,873.72
220.98,0.87,191.58
233.37,4.05,945.41
229.63,3.67,841.67
235.3,4.84,1137.76
220.86,0.68,149.49
239.7,3.76,901.45
224.55,1.37,307.53
220.25,2.82,622.04
233.78,3.52,823.51
223.22,3.51,783.51
238.17,0.17,41.27
221.19,3.41,754.66
223.64,2.46,549.24
226.95,0.1,22.75
238.71,3.87,924.0
225.63,1.93,434.74
238.6,0.23,54.06
223.53,1.88,419.22
231.43,2.44,565.14
232.62,3.07,714.0
233.3,4.34,1012.25
228.04,1.56,356.47
222.94,1.14,253.46
237.79,4.83,1149.57
227.99,2.11,480.03
230.0,4.7,1080.32
235.22,2.38,558.87
221.98,3.92,871.22
230.65,0.88,203.11
222.39,4.58,1018.89
235.61,2.74,645.01
236.71,1.18,279.57
221.86,2.32,514.72
221.04,1.38,304.77
222.67,2.76,615.26
220.49,3.2,705.65
237.89,0.7,165.76
230.08,3.39,780.43
221.92,2.1,466.7
232.6,4.74,1103.28
229.96,4.8,1103.83
226.86,4.98,1130.52
232.32,2.01,467.86
233.49,0.91,211.49
230.06,1.32,304.3
224.25,2.55,571.92
233.46,1.14,265.21
235.81,4.81,1134.75
234.02,4.64,1085.2
234.05,2.25,525.65
235.3,0.66,154.32
239.75,2.86,686.84
227.39,3.42,777.12
235.29,2.36,554.71
238.07,2.82,671.39
227.17,1.49,338.64
235.84,2.04,480.18
235.7,4.44,1045.38
226.64,2.84,644.19
229.43,4.51,1034.16
227.6,1.66,378.15
228.34,1.19,272.56
226.41,2.62,593.44
239.01,3.02,722.4
228.4,0.61,139.34
225.54,3.44,776.86
230.74,3.53,813.9
232.72,0.25,58.74
221.52,2.38,527.97
221.76,2.82,625.83
235.69,4.94,1163.78
226.46,1.3,295.03
230.45,0.56,129.22
237.28,2.87,679.88
227.08,1.7,385.93
239.56,1.1,262.98
233.75,2.29,534.6
237.4,0.84,200.44
228.2,0.61,140.05
236.38,2.68,632.82
236.52,3.6,852.31
231.67,4.38,1013.77
235.33,2.99,704.68
232.69,3.2,745.58
223.87,2.99,668.82
224.67,0.95,213.08
233.32,3.31,771.66
226.95,3.85,874.15
228.82,3.84,879.76
238.31,0.44,104.98
234.25,1.94,454.93
230.7,4.86,1121.26
230.06,2.07,477.09
237.3,1.73,410.17
235.83,0.6,142.09
234.11,1.01,235.58
224.6,2.89,648.32
226.37,0.29,65.77
227.79,1.92,436.88
237.48,0.31,73.26
237.43,3.23,766.8
238.19,4.06,968.22
220.63,0.15,33.0
224.72,0.69,155.43
228.92,0.4,92.57
226.06,0.85,192.45
224.6,4.91,1101.84
233.11,0.07,16.73
233.54,3.35,783.3
228.82,1.7,389.57
221.77,3.5,777.07
237.38,1.58,375.69
232.27,1.15,267.19
232.21,3.1,719.98
222.76,2.62,584.21
232.89,1.99,463.25
230.58,0.25,58.01
224.52,3.52,789.2
235.45,0.8,188.47
237.68,3.93,933.46
236.42,3.72,879.82
235.94,1.09,256.14
229.9,2.0,459.11
222.12,4.18,929.32
235.25,4.75,1117.3
223.16,2.21,492.1
232.62,2.43,566.18
221.92,1.38,305.34
238.79,0.58,139.23
233.11,1.67,389.12
233.04,3.69,860.07
230.64,4.92,1133.92
220.38,3.88,854.57
237.2,1.6,379.88
229.56,3.85,883.3
228.14,3.38,769.98
225.59,1.91,431.49
239.26,0.49,116.89
238.33,3.73,889.68
222.7,3.32,739.71
236.55,3.87,916.61
227.02,4.85,1101.87
231.42,1.19,275.6
227.52,3.42,779.06
239.76,2.06,494.19
229.9,1.08,248.48
224.87,0.9,203.14
224.22,0.88,197.22
224.71,0.23,52.05
230.01,3.31,760.19
226.8,0.42,95.9
239.79,0.03,8.15
228.69,4.8,1098.33
224.65,0.21,46.8
239.03,0.35,84.47
222.78,3.06,682.6
227.1,1.36,309.03
236.56,1.67,394.26
237.05,4.11,973.08
232.93,4.73,1102.09
236.39,1.98,468.78
235.47,2.55,601.19
235.64,0.5,117.36
235.12,2.3,540.58
225.48,2.41,542.71
230.92,0.39,89.46
238.98,0.42,99.46
225.49,4.88,1101.26
222.13,1.08,240.47
236.58,3.29,777.79
224.13,1.27,284.55
237.56,2.96,703.93
226.58,3.32,752.04
228.82,3.52,805.76
232.6,2.88,669.94
226.61,4.38,993.56
230.41,3.87,891.26
224.73,3.42,768.2
221.63,4.76,1054.85
234.0,4.72,1103.97
230.88,2.25,518.99
234.78,4.93,1156.34
231.44,3.05,705.15
224.98,0.76,171.66
227.99,4.39,1001.37
225.69,0.89,201.55
222.56,2.11,469.72
227.31,2.28,517.31
237.73,1.54,365.1
237.81,2.93,696.48
223.68,0.53,119.38
231.02,4.79,1106.4
228.4,2.03,464.5
224.5,4.72,1059.0
222.85,4.71,1049.27
237.11,1.85,438.14
234.78,4.52,1062.19
228.75,4.56,1043.26
230.14,3.99,917.77
221.81,1.96,435.34
233.58,4.66,1087.96
220.26,4.86,1069.8
235.22,4.22,992.53
222.74,1.34,298.09
232.9,4.99,1162.39
228.25,2.23,509.67
231.03,0.23,54.28
223.69,0.93,207.22
227.67,1.01,229.73
238.97,2.27,541.33
228.79,4.06,928.01
237.91,2.82,669.79
233.1,0.19,43.55
230.72,1.38,318.48
221.41,1.27,281.39
226.64,2.28,517.23
231.85,0.13,29.68
223.32,4.88,1090.24
223.55,4.02,897.77
238.46,3.83,913.52
229.95,1.07,245.54
237.83,2.66,631.89
229.03,2.81,643.96
232.14,1.25,289.85
238.89,2.71,647.66
223.07,1.61,359.86
234.12,1.19,278.59
225.48,2.43,546.87
239.85,0.57,135.89
237.23,1.91,451.98
229.04,4.72,1081.61
231.76,0.26,59.1
226.28,3.22,728.99
227.35,0.69,156.88
223.83,3.02,676.74
223.27,1.59,355.94
233.89,2.53,592.35
238.82,3.59,857.5
234.82,2.12,497.67
234.37,2.12,497.35
239.4,0.35,82.66
233.12,2.14,498.48
238.72,0.7,167.68
230.38,1.92,441.79
233.96,3.04,712.36
227.25,2.25,511.94
235.14,3.75,882.35
226.96,1.04,235.7
220.24,0.16,35.73
228.03,2.86,653.18
236.8,3.56,843.7
235.94,0.4,94.23
220.19,3.79,833.91
224.86,4.29,965.08
226.81,4.13,937.82
225.75,3.54,799.11
230.67,1.37,316.9
224.83,2.59,582.69
229.78,1.25,286.84
237.22,3.41,809.0
232.55,2.5,582.38
232.95,2.4,559.41
233.56,4.89,1141.9
232.63,0.57,132.21
236.48,3.31,783.76
221.86,2.7,599.3
235.15,2.19,514.67
225.41,0.26,58.03
238.28,3.71,885.0
238.77,3.56,849.28
233.35,3.94,920.11
231.69,0.25,57.68
221.64,1.97,435.98
227.46,1.81,411.96
226.06,3.38,763.64
235.47,1.66,391.98
227.29,4.35,988.66
234.34,1.19,277.9
231.57,2.26,524.05
239.14,2.34,558.66
232.11,2.75,638.71
227.42,1.73,393.09
224.21,0.81,181.42
233.78,3.08,720.59
235.67,1.71,404.13
225.62,4.84,1092.52
226.09,2.67,604.39
226.07,1.38,311.16
223.39,0.12,26.19
239.71,3.76,901.9
234.44,2.02,473.27
238.56,2.63,627.11
232.07,1.29,299.55
239.96,1.0,240.02
223.14,1.42,316.39
236.52,2.23,528.24
237.29,1.03,245.27
232.38,0.36,82.54
220.46,0.98,215.47
235.89,3.95,930.72
231.32,3.99,923.05
236.24,1.06,250.16
224.75,3.32,746.02
238.47,4.78,1139.31
225.22,2.95,664.43
225.29,0.26,58.58
229.24,4.75,1089.06
226.22,0.51,115.29
235.1,4.37,1027.67
232.4,4.64,1078.54
220.87,2.1,463.74
226.79,0.49,111.19
234.45,1.8,422.68
221.38,4.44,982.46
224.95,0.83,187.04
230.47,2.7,621.32
228.82,1.6,365.7
238.05,0.96,228.96
233.97,3.68,859.93
221.24,2.84,627.36
225.06,0.3,67.12
235.07,3.1,728.63
237.83,3.57,848.71
239.1,1.76,421.13
225.65,2.96,666.81
232.99,3.37,786.2
228.02,3.72,847.47
235.98,3.53,833.16
229.23,1.26,287.77
233.75,3.87,905.67
225.98,4.35,983.36
239.17,0.04,9.16
225.83,4.55,1027.38
236.56,3.83,906.53
221.94,1.7,376.41
225.66,0.3,68.55
229.57,4.89,1122.4
238.01,1.79,425.03
236.33,0.59,138.53
237.12,2.46,584.31
233.59,4.81,1124.24
229.81,4.53,1040.37
231.64,0.49,114.33
233.67,2.89,676.05
224.12,4.69,1050.89
233.34,4.91,1145.88
220.46,2.06,454.46
239.92,2.82,676.19
227.79,4.56,1038.72
233.17,0.38,88.92
223.03,1.57,351.22
235.15,0.22,51.08
226.29,4.87,1102.98
225.4,4.13,931.95
222.29,2.52,560.99
232.97,1.22,283.89
221.11,1.54,340.02
235.93,4.17,984.97
239.8,1.78,426.32
223.72,2.24,500.1
230.27,2.96,680.9
226.0,4.71,1065.5
220.83,1.61,356.03
226.24,3.93,888.49
224.03,2.21,496.03
227.5,3.16,718.8
231.86,3.57,828.24
239.39,4.03,964.28
239.42,4.5,1076.94
234.07,2.68,627.91
223.7,2.85,636.91
233.64,3.59,837.94
239.9,4.01,962.81
231.55,3.18,736.54
226.36,3.42,773.7
235.36,2.43,572.12
224.26,4.76,1067.25
224.32,3.01,674.76
230.84,2.98,687.96
220.19,4.24,932.97
220.24,0.69,151.79
236.55,0.01,1.87
233.32,1.78,415.67
225.61,3.65,824.55
220.94,0.43,94.67
226.95,1.89,429.91
234.76,0.15,35.24
227.02,0.55,123.87
234.12,2.86,669.26
222.07,1.1,243.5
233.63,2.02,472.23
221.04,2.34,517.11
236.98,2.76,654.62
237.0,3.33,789.0
223.53,2.35,525.03
220.13,0.74,162.26
229.93,2.35,539.89
232.12,1.67,387.19
227.56,4.43,1007.38
225.63,2.36,533.52
235.0,4.41,1035.82
228.32,1.13,257.45
226.16,4.1,926.6
234.8,3.51,824.17
231.02,4.81,1111.05
238.28,2.79,664.41
228.07,1.97,450.05
235.86,4.91,1159.0
236.27,3.16,746.59
236.58,2.78,657.92
237.74,4.28,1017.65
237.93,3.93,934.35
231.82,0.6,139.97
232.66,3.63,845.33
225.18,3.67,827.1
230.71,3.23,744.13
221.52,3.52,779.08
223.03,4.91,1094.73
234.26,3.49,816.93
235.82,1.19,280.18
228.73,3.35,766.54
222.85,2.42,539.43
222.78,2.66,592.46
229.86,1.36,312.38
237.31,2.04,484.53
238.74,4.34,1035.8
230.58,1.05,241.04
231.14,4.22,975.3
228.72,2.2,502.87
221.88,0.45,99.14
220.81,3.82,844.51
223.9,1.64,368.19
236.29,2.27,537.57
236.79,3.84,909.24
237.98,3.15,749.6
229.83,4.6,1058.21
221.2,3.54,783.03
226.01,4.69,1059.77
225.66,3.22,726.15
238.17,2.83,673.72
235.44,2.73,641.95
220.69,0.19,41.44
235.92,2.57,607.32
233.63,0.89,207.07
236.63,3.88,917.65
234.59,2.36,553.28
234.1,3.94,921.48
229.61,4.17,958.0
232.72,2.72,633.63
239.68,2.25,539.12
220.77,0.44,96.98
232.35,4.73,1098.28
226.24,1.24,279.71
224.27,1.94,436.07
239.5,4.05,970.22
239.81,1.14,273.15
220.71,3.55,783.63
220.74,0.85,186.92
224.26,1.91,427.29
236.78,3.87,916.25
230.92,1.9,438.85
238.01,4.73,1125.8
228.6,2.03,464.87
238.67,0.26,61.5
226.19,1.68,379.89
234.77,3.28,769.5
232.8,4.13,960.85
238.84,3.08,735.51
227.52,2.28,518.72
220.13,0.5,109.24
228.05,1.59,363.0
227.79,4.5,1024.02
225.17,3.42,769.04
223.72,3.72,832.52
232.68,2.32,540.09
224.4,3.47,779.15
239.65,3.75,898.55
225.11,3.25,732.66
239.54,4.96,1188.86
226.76,1.25,282.77
226.39,0.77,175.32
227.98,4.92,1121.69
233.31,2.42,564.54
226.47,2.7,611.14
221.33,4.86,1074.8
222.56,2.92,648.89
230.82,1.54,354.48
225.6,1.49,335.59
228.07,2.05,468.0
238.72,4.4,1050.27
236.19,2.54,601.06
229.49,2.44,559.9
237.72,0.79,188.01
228.68,1.78,407.15
223.9,1.41,315.17
234.52,2.8,655.76
227.83,3.56,810.94
222.16,4.59,1018.9
231.39,1.22,282.96
237.79,3.61,858.95
235.95,4.45,1049.74
228.26,1.35,308.74
224.78,2.45,551.36
231.9,4.74,1098.2
221.54,2.03,448.79
227.2,2.87,652.23
234.97,4.3,1011.3
224.76,2.48,557.96
233.09,0.42,98.1
224.01,0.9,200.92
222.36,0.62,138.07
226.66,3.63,822.81
227.33,2.61,594.05
237.01,2.96,702.49
238.63,1.71,409.24
221.64,3.9,863.85
239.82,2.08,499.92
222.63,2.32,515.43
230.7,4.0,923.53
224.05,0.23,50.77
229.34,4.51,1034.53
222.87,0.18,40.34
225.82,0.31,70.81
224.88,3.84,864.27
230.82,0.4,93.25
231.95,1.72,398.77
229.05,3.78,865.63
235.54,4.92,1159.57
233.63,4.63,1082.61
239.22,0.42,101.53
238.59,4.59,1095.95
224.28,2.34,525.33
238.58,0.45,107.97
220.76,4.64,1024.71
239.93,4.69,1126.06
232.36,2.6,604.54
234.22,1.74,406.74
222.49,2.54,565.98
224.53,3.37,756.26
238.56,2.29,546.49
223.67,1.48,331.19
227.87,2.84,646.85
231.23,0.63,144.72
221.85,0.91,201.27
234.94,4.98,1169.58
236.83,0.97,228.84
228.48,1.04,237.78
228.05,0.1,22.12
230.63,4.93,1138.04
231.35,4.3,995.32
230.85,4.36,1005.59
221.69,2.33,517.11
236.77,1.65,389.89
229.83,2.76,634.95
232.91,0.23,53.91
225.28,0.27,60.78
230.48,0.31,71.98
224.74,2.34,525.0
229.91,0.61,139.31
234.76,4.33,1017.63
221.08,0.7,155.37
222.6,4.37,973.77
227.33,0.74,168.57
228.87,0.53,120.87
233.78,1.61,376.44
237.73,3.81,904.77
220.86,1.93,427.26
233.86,3.73,872.4
227.3,2.81,639.42
221.06,0.0,0.88
230.82,1.03,237.54
220.42,0.95,209.86
224.52,0.31,68.64
221.0,1.88,415.0
226.44,1.67,377.15
239.89,3.14,753.2
231.81,4.48,1039.27
232.1,4.21,977.33
235.48,0.49,114.74
235.11,1.54,362.51
231.25,0.95,219.65
235.13,0.61,144.4
220.31,2.68,590.29
228.25,0.71,162.81
221.14,0.57,125.85
230.4,0.69,158.33
222.52,4.87,1083.25
238.84,4.41,1052.63
222.21,1.11,246.19
236.61,2.22,525.46
238.72,2.3,549.51
227.57,2.09,476.31
221.0,3.61,798.12
232.5,3.13,727.88
231.44,4.87,1127.55
222.15,1.81,402.92
237.2,4.67,1107.69
236.93,3.35,793.23
233.92,1.68,392.19
226.35,1.11,251.57
223.69,0.95,212.34
225.03,2.14,480.61
225.74,1.06,238.78
236.23,0.18,43.49
222.35,4.67,1038.52
229.41,1.62,372.09
236.1,0.99,234.47
231.87,2.91,674.82
232.58,4.33,1006.94
234.72,4.05,949.69
223.35,1.19,266.37
232.29,3.66,851.16
223.35,1.46,326.54
238.13,3.37,801.77
238.05,2.74,651.93
224.03,2.94,658.43
220.22,4.52,996.27
230.78,4.4,1015.26
221.63,1.69,374.25
227.96,2.55,581.06
230.14,3.5,805.3
220.74,2.46,542.62
229.45,2.16,494.47
235.77,3.04,716.66
222.85,0.67,148.31
229.52,1.41,323.8
233.13,0.31,72.5
231.25,3.1,717.15
220.29,2.37,521.76
222.59,0.65,144.19
239.58,2.61,625.94
235.02,3.38,795.46
229.54,3.77,866.08
222.03,3.3,731.67
224.29,3.78,847.86
236.82,3.39,803.97
228.61,0.46,106.3
235.19,0.5,118.7
235.86,0.58,137.83
239.35,1.17,280.86
235.26,3.79,891.21
221.0,0.79,175.47
239.8,1.49,357.53
224.65,2.99,671.5
228.71,0.73,167.62
226.11,3.12,705.57
224.85,2.35,527.3
231.57,0.17,40.36
230.84,4.11,949.59
221.13,3.23,713.65
223.89,0.64,143.2
227.49,0.24,53.95
227.35,0.05,11.96
230.79,3.89,897.12
223.15,4.03,898.65
236.85,1.6,378.1
226.27,1.17,264.2
221.32,2.64,584.88
238.7,4.14,988.22
229.02,3.27,748.78
225.69,3.7,835.77
230.19,0.83,191.81
231.75,0.05,11.62
239.73,2.0,478.9
238.58,2.93,698.46
231.59,2.0,462.17
238.68,4.1,978.71
234.03,2.67,624.68
232.97,2.22,518.11
231.54,2.7,625.26
235.18,4.65,1093.29
238.85,3.6,860.51
230.89,0.84,194.88
223.19,1.81,404.51
228.77,0.25,56.5
230.7,2.2,506.89
231.42,0.22,51.37
223.45,0.51,114.29
232.91,3.91,909.6
233.57,2.28,531.66
223.91,0.57,127.15
232.47,3.21,746.6
227.91,2.44,555.02
229.3,4.82,1105.09
233.2,4.36,1016.52
220.92,3.56,787.01
239.69,4.21,1008.76
237.31,3.99,945.88
229.74,0.47,107.72
225.14,4.89,1100.04
221.48,1.22,269.21
227.74,4.89,1114.0
239.22,3.25,778.31
226.45,3.14,710.76
239.44,0.56,134.94
226.04,3.82,862.49
234.8,4.61,1081.92
233.82,3.38,790.29
225.43,3.03,682.93
235.99,1.97,465.76
231.1,0.63,144.92
232.8,0.49,113.97
227.01,4.47,1014.16
230.05,1.06,244.74
221.45,2.26,501.1
230.8,4.08,941.41
235.1,0.78,184.02
227.41,2.8,635.65
229.84,0.04,9.4
239.86,4.62,1109.06
236.45,3.03,715.61
226.07,2.53,571.3
238.17,0.49,116.97
235.88,2.44,574.78
221.78,2.07,459.48
235.11,0.35,82.76
227.14,4.15,941.57
228.11,0.26,59.21
221.92,2.21,489.41
232.7,4.18,972.14
233.78,2.29,535.5
229.08,4.74,1085.6
228.16,1.08,245.79
228.96,1.12,256.37
220.82,1.34,295.78
237.44,2.04,484.36
239.1,1.09,259.64
220.09,4.35,957.65
234.04,3.43,803.88
221.08,4.03,890.2
224.45,1.0,224.08
220.43,2.05,451.16
232.5,1.31,305.07
235.43,1.45,341.67
239.89,2.07,496.58
224.78,3.04,684.41
237.1,3.29,780.28
226.98,3.2,727.32
237.5,1.29,305.53
234.54,2.81,659.05
233.39,3.91,913.32
222.77,0.35,77.45
226.81,4.58,1038.1
237.59,0.78,184.22
227.49,3.96,900.84
225.13,4.34,977.29
227.12,2.97,674.92
224.37,1.83,411.19
222.12,2.41,536.37
226.76,3.29,745.66
233.54,2.89,675.31
234.05,0.7,163.31
220.17,0.8,176.12
229.26,1.66,380.0
237.16,3.01,714.41
237.16,4.85,1150.55
226.04,0.94,212.16
237.62,2.42,574.46
229.02,2.6,594.74
235.59,3.38,795.57
225.46,1.63,368.4
224.83,4.94,1111.66
220.13,4.99,1099.26
226.08,2.79,631.69
239.33,0.47,112.33
222.19,0.68,151.07
232.59,4.57,1062.82
238.04,0.61,144.64
238.11,1.73,411.73
225.5,0.1,21.69
233.68,4.37,1021.29
227.82,3.22,734.34
236.38,1.2,284.8
236.65,3.22,760.97
234.15,1.6,374.61
237.63,1.18,280.46
228.77,4.63,1060.08
227.72,0.38,85.43
232.39,3.45,802.2
236.32,2.68,632.44
229.95,3.36,772.52
239.48,4.73,1132.97
230.57,0.62,141.88
238.62,0.57,136.78
232.96,2.91,678.84
238.82,4.56,1088.45
236.2,4.56,1076.26
227.95,2.11,481.77
234.92,2.45,574.4
229.96,2.4,552.01
229.86,4.4,1011.29
226.12,1.61,363.46
235.12,1.54,361.48
239.82,4.56,1094.64
221.01,4.2,928.43
238.88,4.35,1038.03
225.9,4.92,1110.96
238.06,1.11,263.5
223.78,3.84,858.31
225.09,0.27,60.12
222.49,0.54,121.03
239.2,3.24,776.01
239.11,3.2,766.32
229.8,1.09,249.4
234.82,4.4,1032.59
239.53,3.67,879.82
221.92,3.78,839.55
236.03,0.89,211.15
221.04,4.99,1103.62
224.15,1.74,390.31
233.95,2.42,565.3
223.35,2.91,649.87
222.09,2.46,546.63
237.13,1.24,293.25
236.36,3.75,887.22
236.27,3.61,852.65
226.03,2.77,626.24
228.09,1.29,295.18
230.66,1.85,427.7
228.76,4.21,963.4
235.15,4.53,1064.61
222.36,2.06,457.16
236.46,3.82,903.02
223.35,1.97,440.01
223.69,3.9,873.38
230.85,4.59,1060.36
231.09,3.89,898.76
237.65,2.67,635.07
232.95,4.71,1097.77
228.5,3.14,717.15
227.82,1.01,229.97
231.2,1.21,279.42
231.49,0.14,31.83
224.44,1.81,405.48
224.06,1.52,340.34
237.72,1.91,453.82
234.08,3.94,923.17
223.64,2.36,526.73
225.3,4.98,1121.2
226.59,2.57,581.45
227.59,4.22,960.98
230.76,4.69,1082.53
238.02,2.23,530.31
229.34,0.99,226.99
226.05,1.29,291.5
222.61,1.88,418.93
230.15,1.26,290.9
226.81,4.09,926.79
225.88,2.73,617.38
237.41,4.5,1068.85
235.34,1.01,237.52
228.07,1.59,363.4
229.05,4.48,1026.65
232.45,0.67,155.08
233.08,2.09,486.66
228.84,1.56,357.49
234.47,3.1,727.51
226.71,1.04,236.53
223.68,0.2,45.74
223.01,4.11,915.69
220.29,3.87,852.8
229.51,2.61,598.2
235.68,2.39,562.27
234.1,3.69,863.25
222.22,3.66,814.39
220.77,1.34,294.9
235.05,1.4,330.07
229.96,4.12,948.57
221.94,1.82,405.01
236.56,3.75,888.24
238.43,4.53,1079.61
233.61,3.05,712.69
235.28,0.23,53.39
222.87,0.99,219.53
236.93,0.84,199.61
222.52,2.59,575.87
223.33,2.96,661.8
232.89,2.86,666.45
225.12,2.24,503.17
223.44,4.39,980.07
235.72,0.18,41.62
221.49,3.51,777.21
239.94,3.77,904.59
236.22,4.86,1147.9
224.9,2.05,462.05
239.37,4.31,1032.58
239.57,2.68,643.13
230.13,2.93,675.27
225.1,0.64,143.73
236.76,2.44,577.08
239.93,3.8,912.4
226.91,2.56,581.23
223.64,0.88,196.0
226.56,0.08,17.34
231.32,2.55,589.67
222.38,3.19,708.96
221.9,4.76,1055.48
227.82,2.05,466.68
236.49,0.81,192.02
238.62,3.09,738.41
239.02,1.23,293.51
228.37,2.17,494.55
221.3,2.23,492.65
221.75,2.4,532.29
220.78,3.61,796.52
221.74,2.59,573.37
222.32,0.47,104.94
234.52,1.85,433.57
220.43,0.35,76.1
224.76,3.69,830.26
235.25,2.11,496.52
227.36,3.81,867.18
233.84,0.17,40.29
220.52,1.49,327.86
238.89,4.83,1154.19
223.97,4.3,963.59
239.84,1.74,417.76
235.11,2.61,613.58
223.83,0.32,72.18
226.77,4.65,1055.56
223.79,2.69,603.01
222.91,1.12,250.76
224.68,4.45,999.16
229.35,0.75,172.21
230.41,3.86,890.43
238.39,3.01,717.95
234.44,2.76,646.89
227.02,3.08,698.29
232.56,2.07,481.17
220.2,1.93,424.94
229.84,1.01,232.0
226.04,0.79,179.06
230.12,4.5,1036.0
236.37,4.87,1150.25
221.55,1.04,230.78
238.65,2.53,602.71
232.94,3.62,842.54
236.07,2.71,639.35
236.1,1.12,265.55
221.71,4.76,1054.77
231.24,3.51,810.89
227.71,3.55,809.49
223.94,0.87,194.19
225.21,2.45,552.31
222.12,3.69,819.39
228.95,4.11,940.97
232.5,4.84,1124.59
225.11,1.18,264.97
228.37,0.51,116.5
232.6,2.92,678.12
234.4,0.84,195.72
233.01,2.07,482.5
222.62,0.88,197.02
225.04,1.43,321.44
230.38,3.68,846.9
229.28,0.78,178.69
237.44,4.66,1105.39
235.98,3.0,707.37
220.66,1.66,365.42
223.72,1.65,368.09
232.4,0.37,85.42
231.87,2.62,607.21
225.81,4.58,1033.19
237.06,1.67,397.01
233.89,3.56,833.21
235.25,1.18,276.63
238.23,2.01,478.89
233.23,3.84,894.94
232.72,1.48,344.41
233.12,1.91,445.64
222.63,4.33,964.94
232.53,0.0,0.34
228.42,4.76,1086.17
228.49,0.61,140.33
233.09,2.26,526.7
222.04,1.74,385.31
238.71,4.94,1178.66
228.62,4.09,934.76
228.15,2.21,505.23
232.23,3.17,736.92
223.56,4.14,924.53
221.17,4.97,1099.37
231.09,2.15,497.66
223.88,0.3,66.08
237.68,1.4,332.52
229.04,4.63,1060.45
234.93,0.09,21.52
231.46,4.29,991.87
228.89,0.87,198.23
238.51,0.24,58.2
230.67,0.15,34.6
222.28,1.91,424.86
227.25,4.04,917.12
236.7,4.56,1080.07
239.41,3.54,846.94
228.46,4.07,929.55
233.7,1.04,243.04
234.5,0.69,161.1
220.19,3.09,681.22
229.76,4.09,939.58
221.3,1.48,328.56
227.12,4.0,909.5
238.78,1.01,242.05
237.9,2.2,523.28
234.55,0.33,78.18
234.29,2.09,490.27
229.02,2.79,639.14
236.21,1.01,238.32
238.13,2.27,541.59
226.33,4.43,1002.32
224.14,1.07,240.12
237.53,4.56,1083.81
223.57,0.95,212.03
231.61,4.86,1125.17
224.56,3.75,841.14
231.57,2.66,616.47
228.48,4.05,924.74
228.37,1.84,420.06
226.95,2.69,610.73
228.05,3.43,781.65
239.43,0.02,5.66
235.81,1.5,353.39
223.99,2.96,662.7
225.32,2.64,594.29
236.81,2.0,474.19
233.11,3.15,734.47
228.47,3.55,811.08
223.21,2.74,611.47
232.65,0.19,44.68
237.41,3.68,873.9
223.57,0.46,103.2
227.77,3.49,794.73
234.74,3.32,779.09
224.62,0.86,193.89
232.28,2.32,537.84
235.14,3.64,856.43
238.1,2.19,521.54
231.57,0.85,196.31
233.87,2.24,525.01
224.88,3.67,826.12
223.72,1.29,288.03
234.51,2.65,620.53
227.63,2.95,672.01
221.45,2.38,527.99
239.77,2.41,577.75
222.84,4.19,933.86
239.44,0.32,76.52
225.96,3.57,806.41
235.37,0.42,98.61
220.37,1.11,244.9
235.14,2.17,509.17
235.64,2.62,618.25
231.14,4.14,957.7
222.04,2.6,577.85
223.61,3.86,863.25
223.87,2.93,655.55
233.03,4.64,1080.31
223.53,4.04,902.03
239.13,3.88,928.79
239.52,0.25,58.9
231.58,3.48,805.97
228.42,0.95,216.54
235.98,1.5,354.08
235.78,2.68,630.96
239.89,2.92,700.65
225.78,1.82,410.24
220.82,4.63,1023.5
220.17,0.89,195.14
231.28,1.38,319.53
225.55,3.79,853.86
226.18,2.12,478.53
231.61,2.56,592.32
237.73,0.95,225.78
220.61,3.43,756.27
235.05,2.58,605.61
239.24,1.87,448.57
226.48,2.94,665.92
221.82,4.18,928.12
232.97,1.78,414.54
220.86,3.53,779.84
234.12,3.69,864.66
233.81,1.39,324.17
234.98,1.03,242.46
235.32,4.49,1057.23
230.47,0.21,48.01
221.56,1.06,234.41
226.29,3.68,833.35
227.67,4.91,1118.28
230.87,1.01,232.73
220.75,3.39,748.14
238.47,4.94,1177.13
225.31,1.92,432.94
225.45,0.62,139.31
238.14,2.38,567.65
238.08,1.07,254.87
221.66,2.5,554.43
237.11,1.27,301.93
223.85,4.85,1086.22
222.76,4.32,962.71
232.8,3.74,871.37
234.45,0.15,36.22
221.12,2.4,531.09
224.75,1.53,342.75
228.56,4.87,1114.04
237.86,0.54,129.34
236.8,0.53,125.04
231.69,4.27,989.36
238.19,4.41,1050.35
222.86,4.86,1082.11
229.11,1.63,372.41
235.59,1.29,305.07
235.64,0.42,98.46
225.89,3.13,706.85
221.27,0.43,95.98
238.4,0.72,172.69
239.11,3.42,817.41
234.17,4.17,977.01
239.51,3.42,818.48
236.23,3.59,848.77
238.25,4.14,986.69
226.89,3.57,810.87
226.02,2.64,597.1
232.08,0.82,191.02
220.79,1.94,427.63
228.57,1.34,306.51
225.94,1.76,396.83
228.08,2.21,504.84
229.55,1.52,349.88
221.94,1.57,348.3
234.19,0.1,22.38
235.34,0.2,47.62
234.01,4.01,939.35
223.8,1.63,364.09
224.42,3.09,692.75
224.21,4.27,956.98
230.71,2.05,473.31
233.15,0.54,125.46
226.18,3.55,803.99
223.34,1.26,281.52
220.39,3.64,801.62
228.7,3.88,887.73
227.11,3.84,872.21
223.17,3.05,681.67
225.1,1.05,235.41
231.63,4.37,1012.12
233.79,2.3,538.51
239.72,3.78,906.12
225.61,4.16,938.79
223.51,4.87,1087.99
238.51,2.59,616.9
232.36,4.92,1143.53
232.45,4.68,1088.07
220.03,2.39,526.83
228.46,4.76,1086.43
226.55,3.55,805.15
230.92,3.83,885.14
235.84,3.53,833.22
226.4,1.92,435.76
223.51,1.43,318.86
223.59,3.87,866.24
230.8,0.72,166.51
235.49,3.42,804.8
224.88,1.94,435.44
224.26,2.04,457.92
239.49,4.19,1003.3
228.9,2.7,618.83
229.0,0.76,173.38
237.82,2.44,579.8
234.8,3.43,804.35
225.51,3.24,730.83
228.8,4.83,1105.81
226.48,3.73,843.95
231.95,3.81,883.25
237.05,3.21,761.51
235.11,3.04,714.66
221.89,4.76,1055.5
234.35,3.17,743.7
229.16,4.93,1128.88
221.62,3.22,713.77
238.12,1.17,279.29
231.85,4.85,1123.37
237.39,4.71,1118.21
222.95,1.02,228.07
237.84,1.17,278.66
224.97,4.59,1033.48
238.6,2.42,577.8
238.48,4.92,1172.62
231.35,0.95,220.57
228.84,3.63,831.63
230.91,3.01,695.86
238.94,4.32,1032.72
232.1,2.55,592.07
237.23,2.86,679.53
233.7,3.67,856.53
225.73,1.2,270.24
223.81,4.16,930.19
235.68,4.91,1157.08
225.32,0.7,157.25
229.4,1.75,402.52
237.15,0.79,187.28
222.32,2.23,495.92
220.78,4.2,928.13
236.71,0.74,175.84
226.17,4.53,1024.13
231.54,3.02,698.36
226.75,1.19,269.05
239.35,1.46,349.81
233.23,3.51,818.17
227.44,0.18,41.25
238.03,2.62,622.95
233.72,2.59,606.06
228.05,1.55,354.52
226.15,1.76,398.09
235.12,0.77,182.06
230.79,1.16,267.05
232.79,2.89,672.25
226.55,3.49,791.71
236.23,2.47,582.96
235.65,3.98,938.53
229.46,2.1,482.51
228.91,0.56,127.78
234.53,0.55,129.91
233.7,1.88,439.52
228.81,4.1,938.52
237.35,2.65,628.9
235.61,2.0,470.6
222.6,2.48,551.7
225.77,0.47,107.19
227.69,0.12,27.38
225.42,0.35,78.92
235.16,2.98,701.58
225.75,1.18,267.16
233.09,0.81,189.7
239.61,1.47,352.88
230.42,1.67,385.07
225.56,2.2,495.74
239.04,1.47,351.89
234.81,0.71,166.82
231.4,3.07,709.56
239.86,4.02,964.66
239.47,1.4,334.98
228.0,0.87,198.1
229.89,4.12,947.16
226.22,1.72,389.87
228.64,4.85,1108.23
238.95,2.03,485.72
230.28,3.18,732.82
234.83,0.77,180.25
220.69,2.41,531.43
227.93,2.27,518.53
229.21,4.61,1056.61
236.26,0.26,61.44
231.28,3.71,859.16
235.55,3.6,848.61
224.16,4.28,959.68
221.36,0.99,218.13
227.03,2.1,476.97
231.66,0.49,114.4
220.65,4.44,978.98
226.3,4.05,917.57
224.95,0.74,166.11
223.29,0.87,193.54
234.77,2.92,685.01
230.05,2.67,614.17
232.16,3.43,795.35
239.62,1.24,298.18
237.2,4.7,1114.27
238.47,4.22,1006.35
231.42,0.51,117.99
221.47,1.43,316.69
227.33,4.01,910.7
239.44,1.41,337.86
224.89,2.55,573.58
234.23,2.76,647.05
220.29,3.53,777.16
220.32,2.66,585.26
232.65,1.33,309.46
222.12,0.88,194.46
235.71,1.66,390.16
221.83,0.09,19.07
234.14,2.58,603.34
221.38,1.78,394.28
237.87,2.27,539.55
230.82,0.74,171.74
228.29,2.63,599.45
234.22,1.25,291.92
233.91,0.2,47.34
231.08,3.92,906.23
221.46,1.68,371.99
222.45,1.77,394.27
237.94,4.06,966.14
227.98,3.38,771.14
230.75,0.21,47.46
225.17,1.17,263.37
233.65,2.71,633.01
224.78,3.9,875.63
220.27,2.8,617.77
224.56,1.89,423.74
220.52,1.59,350.09
233.49,2.53,590.65
234.21,1.55,364.03
228.23,3.85,879.44
225.69,2.42,545.86
228.75,3.59,820.16
223.74,3.85,862.15
239.04,4.17,996.52
224.98,1.44,324.5
232.87,2.49,578.94
231.19,4.56,1055.11
231.35,4.94,1142.0
232.01,1.63,378.86
230.2,0.6,137.23
235.31,1.42,334.26
235.28,3.22,757.53
226.89,0.56,127.7
234.13,4.04,945.39
226.9,4.75,1077.03
236.2,4.15,980.01
226.66,2.87,650.4
236.93,2.29,542.26
232.88,1.75,406.44
232.17,2.21,513.75
236.68,2.29,542.5
229.3,1.88,432.06
220.36,3.21,706.57
230.29,2.54,583.96
228.91,2.56,585.19
235.58,3.64,858.64
220.87,0.36,79.4
233.37,3.95,921.97
237.44,1.35,320.17
222.77,2.57,572.12
238.25,0.69,164.39
233.88,4.15,969.76
239.18,2.83,677.67
235.01,3.89,913.33
227.62,1.15,261.52
229.14,2.48,567.99
234.48,3.92,919.39
231.61,3.3,763.95
225.42,1.0,226.09
234.08,1.89,443.57
236.07,4.33,1022.75
227.73,3.38,769.43
220.77,4.75,1047.94
239.47,4.95,1185.32
229.49,2.69,618.22
221.08,3.43,757.44
220.84,1.71,376.87
227.78,2.68,609.84
230.77,2.61,603.14
225.85,2.76,622.69
236.92,3.45,816.19
232.61,1.54,358.36
238.33,1.79,426.32
231.92,4.97,1153.42
220.45,3.08,677.96
228.21,0.97,220.85
226.95,3.47,787.04
239.49,4.34,1039.07
232.1,3.11,721.39
235.78,4.58,1080.35
237.02,1.28,302.96
231.42,4.83,1116.68
239.91,3.22,773.68
220.61,2.08,459.17
234.03,0.68,160.12
234.66,3.4,798.34
236.02,1.78,419.39
229.19,1.06,242.77
239.92,2.94,704.62
236.44,1.73,408.28
221.27,3.77,833.76
229.91,4.68,1075.81
236.89,0.64,151.01
229.38,4.03,923.43
235.61,3.14,740.75
221.09,3.47,767.46
221.89,0.55,120.98
228.59,4.59,1049.34
233.64,2.75,642.71
227.94,2.89,658.36
230.64,1.17,269.6
220.91,2.58,570.45
224.06,4.97,1113.14
229.08,2.63,601.51
225.2,1.99,447.22
221.78,1.44,319.36
227.88,4.78,1089.59
232.59,1.2,280.24
226.74,4.67,1059.35
239.78,3.85,921.99
226.96,2.45,556.74
234.82,0.26,61.55
233.65,1.65,385.59
229.29,4.1,939.88
225.82,0.6,134.86
220.46,0.57,125.34
236.19,4.12,973.62
232.36,3.55,823.95
229.67,4.67,1072.24
221.42,3.02,668.35
237.68,2.69,638.26
225.13,1.68,377.16
234.46,2.71,636.52
233.34,3.0,700.37
220.13,0.73,160.75
227.92,1.23,279.92
238.35,0.57,135.23
222.39,4.21,937.09
239.34,2.81,672.95
226.93,1.34,303.99
224.12,1.21,270.59
226.82,3.63,823.72
234.05,0.12,28.73
229.01,0.37,84.75
225.4,3.76,846.92
235.26,1.72,404.38
234.27,1.91,447.14
231.67,0.91,210.9
239.39,1.75,419.03
225.94,0.11,25.97
222.54,1.98,440.39
229.3,4.23,970.43
233.06,3.58,834.48
237.15,2.03,481.46
222.96,2.83,630.45
232.85,4.9,1139.83
223.11,1.18,263.34
231.08,1.97,454.31
230.52,1.15,264.7
223.44,3.38,756.24
236.85,3.58,846.81
228.17,1.03,236.01
223.57,1.46,326.84
239.74,3.45,828.04
235.01,2.24,526.95
227.59,0.14,31.12
237.3,2.35,556.6
221.84,0.99,218.54
223.22,0.05,11.34
234.56,4.73,1110.07
231.38,4.93,1141.0
224.99,1.26,283.23
227.13,4.68,1062.3
234.61,3.38,793.1
229.8,0.83,191.01
233.74,4.78,1117.31
229.26,4.15,950.64
229.65,1.73,396.26
226.13,2.16,488.1
237.58,0.59,140.26
232.82,1.08,250.69
230.68,2.47,568.75
228.16,0.7,159.4
235.61,2.72,640.75
228.4,3.41,778.42
221.91,3.18,704.57
233.66,1.74,405.66
224.53,4.77,1071.49
222.86,1.18,262.44
233.71,4.51,1054.53
239.01,0.59,140.72
236.55,3.18,751.84
238.76,4.93,1177.5
221.04,1.9,420.13
229.07,1.85,423.45
222.11,3.03,672.59
227.7,1.85,421.42
235.22,2.42,568.2
228.73,2.9,663.69
238.53,0.91,216.33
233.5,4.78,1115.47
238.93,2.83,675.47
233.81,0.67,156.1
235.57,1.41,332.13
229.79,4.28,982.86
238.48,2.41,574.41
228.68,4.39,1003.02
237.69,4.73,1123.39
233.77,2.06,480.5
230.32,1.39,319.44
227.63,4.29,975.43
223.32,0.44,97.8
223.96,3.05,684.1
221.0,4.48,990.93
225.77,3.07,693.51
233.86,3.46,809.94
221.55,2.17,480.66
239.28,3.47,829.72
233.13,2.53,589.52
226.53,3.16,714.78
226.7,2.62,593.11
227.33,4.24,964.2
226.59,3.84,869.71
234.68,0.26,61.64
226.74,0.84,191.07
237.15,4.48,1061.92
238.22,2.35,560.73
237.46,0.34,79.58
238.6,1.66,396.47
220.06,1.85,407.4
224.2,4.62,1035.15
230.56,4.8,1107.17
232.04,3.02,700.04
230.6,2.2,507.51
229.11,4.01,917.92
235.95,1.42,334.13
225.08,3.01,678.43
233.42,0.95,222.04
233.13,3.5,815.86
234.31,3.71,869.37
237.44,2.86,678.1
235.9,0.67,157.76
230.19,0.66,152.36
234.69,5.0,1172.59
226.95,3.68,835.11
222.96,2.51,560.27
220.87,2.04,450.84
232.67,0.4,92.16
224.63,3.42,768.61
233.93,3.18,743.36
235.31,3.68,865.86
230.68,0.68,157.84
221.27,3.33,737.35
227.79,0.61,139.02
224.48,0.62,139.14
236.36,0.5,118.65
230.75,0.03,6.06
236.46,2.0,473.46
239.29,4.82,1153.23
220.02,3.58,788.35
228.06,0.48,110.4
227.37,3.57,811.68
230.04,1.89,434.89
232.91,2.53,590.05
220.12,2.27,500.54
235.74,4.73,1115.17
237.03,0.08,18.88
231.4,3.43,793.74
226.83,1.77,401.84
234.57,4.97,1165.93
231.23,0.55,127.12
232.28,0.98,227.67
230.04,1.91,438.38
238.8,4.29,1023.34
231.29,4.99,1153.55
234.17,4.05,949.43
234.14,3.31,774.44
222.23,1.77,394.04
222.19,1.12,249.93
234.39,4.62,1082.56
229.79,3.98,914.41
221.74,2.25,499.99
230.28,4.1,943.43
231.31,4.73,1094.23
222.71,0.32,71.97
223.59,2.16,483.97
226.69,3.35,759.19
222.93,2.45,546.14
233.79,1.85,431.88
220.98,4.9,1083.21
220.87,3.31,730.04
226.53,3.17,718.0
238.99,1.46,348.31
222.7,3.11,692.53
230.71,2.1,485.05
226.63,4.14,938.2
221.53,4.5,996.16
229.32,3.05,699.09
233.74,2.36,552.43
221.74,1.18,261.56
221.8,4.65,1030.85
233.92,0.14,33.42
225.75,1.6,360.22
237.84,2.09,497.56
227.3,3.99,907.18
228.42,2.88,657.7
238.4,1.28,305.86
